,x_1,x_2,y
0,1.3595331575897234,2.021550631470938,14.632116738647172
1,3.93980239249841,0.16476720977751014,13.826706938637825
2,1.1048100517225357,1.0704873556522068,9.037299976203451
3,3.5278873878506447,-0.6499128684475357,7.128442128228535
4,3.017118425484338,0.8169001172271986,12.37015023507957
5,5.242426067708492,2.5070347637703905,28.856128346207086
6,-4.826591944325241,2.4820522922460415,-0.9870392191169364
7,5.404817249923757,-0.1449581788244556,15.693572426884655
8,-1.4898993243760081,1.6308605828506475,3.402799717542326
9,-2.0888343304969594,1.279516109323787,-0.6050756295583078
10,-1.392473292542455,2.380776012502648,7.9010999042115895
11,-0.7671536971840578,2.386111218836395,9.774326434804767
12,-0.16387582368856957,-0.1480542922623891,-0.01956426828836899
13,-0.9965699460384774,1.6678903923630886,5.798320819891532
14,3.138725403765151,2.053741739681583,18.92207003043125
15,1.9866981246602635,4.544703219291526,30.568665476817955
16,-2.006901936385513,1.0485852732864172,-0.25756941070190364
17,0.04983854137512567,2.8675426036986993,15.120486626925835
18,0.9240747586544498,4.549370927468617,25.35689193908107
19,1.7046566443123559,0.7849443969334147,8.196541754717366
20,5.027756270267365,4.392403803991382,38.00128506316307
21,2.2188598716514747,-0.5402723079750209,5.037516375998597
22,-2.681239841763289,2.037292167644464,1.7010099922234918
23,1.9485741937003134,1.9011368063204346,14.348824130962637
24,2.6552739823373788,1.1987524666145926,14.585102971952418
25,3.3338069550630713,3.5033486653384065,27.028591507757167
26,1.31491530287983,1.7056691408109366,12.520671752979029
27,-1.3178732972626563,3.1776106221004525,11.73785925241645
28,2.1578874186258075,0.4967910108372853,10.510133283552323
29,-6.1354012797558894,1.6114567555077173,-10.090789669655383
30,3.198990620731256,2.7533933136725746,22.48681555156211
31,-0.6012177401055621,0.23763113951360926,-0.9696238523095864
32,-5.390882388049997,1.021673946227743,-11.39768688403312
33,3.8787908433076432,3.2038173705504147,29.25516544294426
34,-0.3547290127323319,1.0638131555729025,3.837050769592215
35,3.1615041445916883,0.8589856963588036,14.061108342175158
36,3.330831419631848,1.509768563354643,17.694086006489307
37,1.867069946324339,2.189631680382334,16.80639631914122
38,1.5212964956372177,-0.23819827750839195,4.109617945411229
39,-0.2768366011164054,-0.2739564067886522,-0.44167417909681417
40,-2.216147773472159,4.44534987543566,15.462648191164016
41,-2.892496414812994,1.1716492320471978,-5.190067315944635
42,2.010678713933057,3.1845220599932738,21.445714192891522
43,4.703840552850094,2.872238034559097,28.263196877170774
44,-2.189893439043016,0.9223484288604742,-2.503969387465945
45,4.675541197863215,1.5683986643731624,21.021590905189765
46,1.9758754552026387,2.0630234587734297,15.568296797362676
47,-4.612015698951399,1.5477861169396503,-5.671225951605211
48,2.7660752142601384,2.2382095933750583,19.89295356265884
49,2.2307122302866906,3.0639525177150184,22.712335711487736
50,3.2896401565552216,-0.6863070081974754,5.7043865406244265
51,-2.6446524680698547,0.9226366021483245,-2.9679780377857115
52,5.198448572729758,1.2812838189303437,22.376820452499437
53,5.106653542829504,3.8539566866529578,34.744637348773274
54,-0.6616339088362877,2.630370822427775,9.748144065831914
55,4.826524603971046,4.04392020633803,34.0044577105197
56,-0.4612840325745551,1.9040886011886555,9.520665733866661
57,-1.7971949571319654,2.4944565544540467,5.205759400844759
58,-0.4669950016766009,0.2810889162186343,0.5721664817933996
59,-1.3777765248085823,0.5854265924146309,-1.0903530748184158
60,1.1208008245345713,4.652673780947205,26.593402235420303
61,5.150199807372578,3.295498404637531,30.99703422927936
62,-1.2669766375026104,3.943580197132632,17.432462631485436
63,-1.3365634262399615,3.449051037574882,12.512028678333987
64,-3.6549542221932505,0.362030746656141,-8.934575038276472
65,3.1763528461300057,0.9990761072206296,15.095355915538109
66,0.44901093644728873,-0.6744914756902451,-1.875665479774663
67,4.765203739706177,5.599104148560288,41.17214308531792
68,1.417429398634733,1.4168389352732704,13.438754070431767
69,3.1081910798732557,1.665702523225188,18.139560370018483
70,-0.916819362870098,4.357448845634984,20.602419470704223
71,5.084567651610955,1.0317985335313389,21.209642917557083
72,0.854043443580001,2.7036392251256878,14.664327090889996
73,-2.154832583593806,1.8701282472989633,1.7922080330322563
74,3.2803083568673586,2.3106678073790845,22.604029546557484
75,5.197916937851367,1.7582646682179297,25.17789326992206
76,1.5556951886666246,-2.1573638356258353,-4.080046444250094
77,5.923297855518114,0.49280348109592453,21.393221107110925
78,3.7175271594262296,3.137924261983344,28.661785730050827
79,3.7306562011963678,2.1991968815036396,22.351876789893673
80,1.1502130557671892,-0.9354731293172742,-1.5095545589380188
81,-1.9744695093329958,0.4293507165501309,-4.168629279551128
82,1.3494641407231942,0.9643171033451519,9.634612939446368
83,-2.052919265823,-0.6704506790425362,-9.10421786869008
84,2.9943789925137327,2.7087473390481334,22.39191472713831
85,-3.215278260686585,-2.6848480585328884,-24.244969352211875
86,0.1555191550862529,-0.22364092066069796,-1.5414367336435788
87,1.3250089792160953,1.0789147689521712,10.010445401014085
88,1.2618170609446957,4.576129674856023,27.616447229900693
89,3.037558655379386,2.430950100951719,23.032102618623675
90,-4.85885710149929,3.572467123055329,2.259844220047847
91,-4.2660959755883585,3.048383352050949,2.5074653358362218
92,8.400398116115138,2.4826190715353724,36.76794627881832
93,-0.5389606399086881,1.8360300185967942,8.94622536861403
94,-4.561827124108021,-0.07181223285828953,-14.930248373250095
95,-2.1971552794646927,3.073526374685962,8.590087758993116
96,-2.901903986889467,2.9484730105810666,7.712521887148094
97,-1.296464915351323,-0.2998963055327777,-5.47944415558484
98,0.7232689520863111,-0.07750853731605956,2.4783934686280507
99,3.750164584392227,1.8308134020563251,21.192787808816668
100,-1.34159968487787,-0.1823585701065742,-5.962333271370293
101,1.8722169597758958,-0.6064998652064681,2.5615682049779425
102,-0.6350074748019792,1.1062513760280681,2.808247516337323
103,-3.545510815004409,1.0107939589575743,-4.848678140502919
104,3.3098024663848613,-1.119915814244246,4.593306866789313
105,-0.21352172773344136,1.7362826760648922,6.663153408946075
106,1.6536037188965849,2.018869974965099,16.39010552793488
107,1.8375136533267362,3.0417249640360886,22.38184011843837
108,-1.1411102204150159,1.0358598519441533,2.367531133854601
109,-4.767242511279683,3.257154692201575,-0.10021976350087192
110,1.848637902382403,2.262575685420791,17.020509700753035
111,1.559740691774861,2.1328458666358623,15.737341336467873
112,6.213274360931013,3.277103946540686,35.04369291752224
113,4.554331959440909,1.9141905744427614,24.265576568850992
114,-4.013189906368382,5.550917780426473,15.403083530102899
115,0.04407302526893986,3.3443183540987063,17.36448985469447
116,1.1786588739032504,1.1645498804005894,10.343521000490075
117,-5.094873004822725,4.2057343532315095,5.9877420632544425
118,2.907315826835007,5.411367668088138,33.991759343974145
119,-2.981131010642258,2.2378161910044945,2.103231510542694
120,4.15116391209573,2.3001612168488648,23.710386051413497
121,-0.7358012494654864,5.560336312408215,25.717827208144534
122,0.4366432022543104,-3.9724022439728293,-18.037194974627166
123,-5.2352461575492795,5.240314811228263,10.082288679271453
124,2.6161118433798722,-0.38449844340820194,6.635887307088774
125,-2.0230018880715286,1.7125587494644028,1.4846782359251585
126,1.3374261660581728,0.3593734379172491,4.318400659515875
127,2.105049659276636,4.288908621124065,25.242983775448106
128,1.8010877222889354,-1.423137505945061,-0.29033721793063694
129,-0.818017400313948,1.3592445715330723,2.6179471818964446
130,-1.6075445213634163,0.43665216667549633,-2.495008945776477
131,1.1703005026772864,4.870756443242261,27.08503547792983
132,2.2982497035311553,1.5116416797073913,14.475452898992476
133,-2.3300863865058417,3.313598801403174,8.41871439879164
134,1.5841437737828303,-2.9514323897539674,-9.631606954783795
135,1.86303563099237,-0.7129837374825558,2.86401697734109
136,3.26095984590182,-0.5420327123275688,5.978732190711167
137,0.659023978101577,-1.1931451825651624,-4.542513969280734
138,-8.512458056304414,-2.1132447989184495,-35.50464270152143
139,2.2461912028270077,4.015663017467025,26.801575402150537
140,2.687250334110073,1.1449856812661694,13.34338753763017
141,-0.20803609215524155,1.2895287599120682,6.159938979159936
142,6.172553516714792,3.417600885452451,35.50100473251932
143,3.283461520825787,2.880612483255746,23.94082569004252
144,-0.7118603731401296,-0.9363870579251166,-7.355355238685776
145,-0.12338260284001445,2.3722656278021375,10.763670188046262
146,2.7102252635264215,2.713483439606823,21.70084365694097
147,1.5780895856610568,3.3023185601314067,22.932110810939058
148,3.85637514326847,2.3613713199919943,22.39639610748181
149,3.149858628605646,2.7204313696339355,20.53840514162224
150,6.364721967754974,0.6674370809946479,22.409915868807836
151,6.501681597004039,2.5077365725311647,30.825537943530787
152,-3.900890381522969,1.031038014101187,-6.01435690438328
153,0.9444446362257676,-0.569232723158482,0.07728804897044758
154,-1.0469098945573045,-2.3169672714751277,-14.278224060383662
155,2.6589449690269515,2.4465555250889843,20.461796006011806
156,1.8148740082957584,-2.074613396748905,-5.127904667472739
157,-0.7259205324942668,0.8337328330017839,1.9100710545948818
158,-0.5970742763274135,0.49274561396281213,0.2518357297783222
159,0.6978847879296921,3.3032491597515428,17.626586602043634
160,-1.4500136881087062,1.5518902282219744,3.137004306759051
161,5.621435510024718,2.8543351347894124,31.72410050307755
162,-0.4630112671694948,4.27544851750295,19.804914418386
163,-4.657871033649735,0.16978102236489057,-15.086088587456606
164,-6.127995172973921,5.645953333669249,10.127412129309857
165,4.118655080395656,0.3483438197139228,14.484784658272993
166,4.464126104046419,0.46352920349902926,15.575235479874348
167,2.7111670275282838,-2.2385268548842587,-2.9341767168343726
168,2.543554277570344,0.524888386732685,11.248314489513367
169,1.3894316751325562,2.6649050434746155,17.889374479105513
170,3.2780022841660212,-0.2037200437193487,7.247900877001406
171,2.6204935792810975,4.320103361835081,29.870339885273307
172,-0.4498381581729458,4.69779610531675,20.950862875264725
173,0.23398820497115447,4.62377213976449,24.717259728532124
174,-0.5302687957345344,4.060167761186555,18.360403104973336
175,-3.0993815341855155,2.551390920438876,5.03889075483278
176,0.19174720461599815,2.9092140219886984,16.088659788697466
177,-2.00560958822473,0.39152394943718427,-6.403211842792142
178,3.4649851423720133,0.13600583061964744,10.173834688360273
179,0.9269191296342261,1.376712115249412,7.976244628809846
180,-2.1468023087092973,-1.515266161102025,-14.322935307421467
181,5.859553893537648,-1.1693314981742309,12.759287294271974
182,-1.4288362601094153,-1.0811859164344955,-9.64006914449796
183,1.2864793906066667,4.4420434034732565,26.300241333836308
184,-1.3443324978138835,1.2155652294174093,1.629579564022237
185,1.8686009512099582,0.6868066569562041,9.742002085038532
186,-0.8340343082598278,0.9975532073405378,1.6978689973239884
187,0.19738392203826205,2.218738045960806,11.286445202845778
188,2.1950993990877095,0.8720429567910521,9.561159750179533
189,4.518598847229077,0.7724714947415101,16.730959644243253
190,4.915072962058627,2.4716727869337554,27.155832858876643
191,-5.244789813992689,2.3411283505551324,-4.346148868051879
192,1.3742700919773831,4.487896445326953,26.834717536927744
193,0.6243585385016913,3.3087157074382363,18.44924490124856
194,3.042604648187739,0.14390794289812558,8.416281281038337
195,0.4686434737245051,4.453833734531911,25.48656027823539
196,3.1770639217291743,0.9344406910145977,14.57905683953196
197,-1.6234344817707012,3.2824610145010356,12.608393361926794
198,0.4560499499443682,2.883949981253735,15.208630860692198
199,6.713225875254654,0.17803776112693703,21.41961578454904
200,0.7352030794674833,1.9037961339639866,12.505382049283279
201,2.5632233337498334,1.7131346229761228,16.080899945859112
202,-2.3888702834815287,3.601483155302821,9.757003475169604
203,4.73828251616271,0.9137606487732106,17.95964749518639
204,-2.9531108759646187,4.549763193594866,14.118411723278152
205,2.3477586944676045,5.071438206405128,33.13858576532678
206,3.611390276624944,3.140713988856213,26.147284802361433
207,0.5891677712849135,4.4372351108508,25.47342659442808
208,2.7430980364876483,5.331248289218034,37.56164721356644
209,-5.1541267321734345,2.5334303380010263,-3.091356627345524
210,2.5861718148443957,2.9273254720237505,23.43765294427225
211,4.096538615423819,1.6559270918708608,20.0308896549845
212,0.5838656196527567,3.7022664864394854,20.072011633482298
213,6.38757419194837,2.2092841651269812,28.815986578987268
214,-1.3206310002493087,4.026098606272585,15.449366747092665
215,1.664312477252753,1.7582260186020602,13.187395854586175
216,1.3845410423057953,3.9268313225324922,25.32013084559658
217,3.767834047305321,1.7592472574160922,20.801181572424163
218,0.31017225657777425,0.8194483285327578,4.039742788484444
219,1.5190365625591493,0.029340444448353598,5.421555190384664
220,-1.6802627867603293,0.8555783634332297,-0.6341833859553687
221,-0.27606031853125,-2.4632832573219074,-13.806846001384557
222,4.111830474963075,4.435829655908219,32.62910456896534
223,0.9387587431215667,-1.2623829678278025,-3.470696322339094
224,3.966001480549533,0.7963177914828565,15.532647289990289
225,-2.1307744619793607,3.8177246679006993,13.686373254067767
226,-3.5540709377873485,-4.139355556302157,-30.489761952652355
227,-0.34731441922219397,-0.0578523499757333,-1.0919823182027115
228,0.7841103481476783,-0.396940268374232,-0.30276506495928746
229,-0.1128882085497187,-2.8248341073516814,-14.030327095288504
230,1.522054712002189,1.4273792173786908,12.934119865628443
231,1.9384894491674258,0.0491857549496757,6.354721966650028
232,2.77025143743967,-2.6340723909877566,-3.982882177317765
233,6.357896859451733,3.675250495337477,36.30933241442718
234,3.252854421990983,4.655359401728883,33.13810421276868
235,-5.653924716769554,-1.3093203069397932,-23.672250960972434
236,3.4611797434926315,5.739264931644619,39.625139788185784
237,0.3158243487800194,2.4969747741588737,12.110630551569958
238,-0.4282851586762666,1.5389301164368485,4.968826852737595
239,4.956678990626173,0.3142301023244698,15.653001440229925
240,-0.27714479384269275,1.9656721456656254,7.861432242333418
241,-1.1632871773604023,1.5214576339794132,2.0833388353980578
242,-0.5713037427772472,1.3076306917978469,4.462357748419841
243,5.70312045738855,2.167313037536856,27.356910519951114
244,1.3140825190709755,4.394446118600544,24.806932817145885
245,-3.9762623228951623,1.6192747285775297,-5.258138636722514
246,-1.0359876105388066,2.064388655255647,7.6914088145340775
247,1.9518956068328794,3.0423072109497244,21.905361029569498
248,1.4169922127827987,3.9150034804366287,23.907921746775564
249,-0.3388436499491161,0.1978561997396706,0.24629446830948903
250,2.3477789382786427,0.849120836399536,11.374945545670753
251,-1.1656065020564386,-0.3102510449182163,-5.262661294284467
252,1.0993069769631125,2.1942133244749997,14.42789171173458
253,1.3685869679841804,3.831371932809013,20.842653668825633
254,-0.6601741464856556,4.829454648456211,21.955177171309046
255,7.593710541471807,1.5061337630051674,29.851659876565048
256,4.472714481264349,3.478267513592395,31.93159125928844
257,0.5094075373527596,5.091614217047751,27.563584592899144
258,3.46461183322717,4.452178583163482,33.26440134792861
259,0.6482252249204059,4.401823043128277,24.41619257743375
260,1.2258352235916756,0.3269154290505256,5.231757359094402
261,7.515955565209789,2.6386539681905723,35.681775990346075
262,-3.2641834343936402,2.299729227231819,3.2600406090106695
263,0.5847290919561943,5.132944651650442,28.280138010265595
264,-4.509726039273032,2.557569846444194,-0.8540475125679557
265,2.473652831196608,1.9510784189278934,18.519509813068638
266,-3.127648142319776,1.9137440057803305,0.9679406931061154
267,-2.462847520747266,4.903436790474532,15.980717167310234
268,3.4573441131143454,5.792808734624879,38.81949644118789
269,2.847507491945812,4.656161499320006,32.460832828562125
270,-1.645183049584285,4.257548836714369,17.04305329337358
271,3.03490049486043,4.713366437365176,32.072406868237614
272,-4.64037892885942,3.3189687378924186,1.523634800231085
273,6.63344947168623,4.449792824619397,41.72576880529256
274,-0.014065132000917746,3.4238540552678627,16.78488345290281
275,-2.6753833546679315,-1.7741878314140402,-16.86380210409191
276,-2.0651160657513286,4.126316099612273,13.366209151289127
277,3.6582216903368843,3.439635743630908,26.680345072435735
278,3.4311706365390706,0.3021964430081008,12.67241434612802
279,4.113403151639222,2.644921202333469,25.90620111532086
280,-0.2153892072962722,0.6030704700503107,0.7254930608627324
281,8.271642171884848,4.052959533665305,44.96388247393775
282,-1.8579488984049979,4.554055864467978,16.824793036665557
283,0.5059789588395748,0.9472766057281046,6.394506395777687
284,-0.4457083225726566,-0.6747486164518968,-5.968192662333288
285,0.7485571230951613,4.653065220755459,26.267684790206165
286,-0.7491237365796044,1.080546160440601,2.7481552277287893
287,-1.301196969674678,1.1510890049987714,0.47462689295076
288,-0.15182717890517927,1.2097586467020447,6.072758472378317
289,7.7357543318105115,2.2049390505409745,32.93105978418669
290,3.791307606324017,3.027984510636399,26.728521157959584
291,-0.25337011705394774,2.441282558101759,11.211407899557937
292,3.3478926703284464,1.2129548492379627,15.628503170577114
293,-1.8596836196178614,-1.4612315398733693,-13.104076144879429
294,3.9696415861907193,0.44511775253505403,14.882222975256681
295,10.748890046421051,3.6506974030925408,51.171210398000596
296,-5.469268101216352,-0.6545321564872708,-21.145438126935662
297,0.40826863472157293,2.739168085348636,16.65911317463167
298,-0.003839430120512244,2.5761796312867977,12.41343207556253
299,0.6143596265711393,1.9739074835743826,11.069451117947079
300,0.5447868558009114,-0.6291062535471594,0.2571539033601309
301,4.198548363638922,-1.831459693235753,3.1568476354230652
302,2.7703168382343435,0.40958164731600166,9.7560833370236
303,2.791020321563658,3.580325085727879,28.369815182063086
304,2.5779465911153094,3.324613178821818,22.802157782242578
305,0.7847991232767012,2.2173188313343695,11.701533266215005
306,-0.8176105745900772,0.23906771246555558,-0.4936075639994739
307,0.4941742850360966,2.8442704749699286,15.058833300501222
308,4.495103448260909,1.1761774225459678,19.988420674826965
309,3.0194383403410656,5.145200350273108,35.161694266840954
310,3.506653152055131,1.1776028704110106,16.465897680178607
311,3.281877887595382,2.876454535977289,23.993090195804015
312,-0.4206272696144948,4.2862486297514275,20.910367414229377
313,0.6645439584995873,6.185994452498224,34.30848669542697
314,5.513181798137444,6.273893673929515,48.3015847397873
315,2.3807775484007285,0.3569544212890712,8.24456580776497
316,6.5397014471609145,3.682576622806433,38.379377185625906
317,3.899675116436158,1.2682774321290486,18.068002822736243
318,2.715484038394103,1.2803576747606074,14.347610937089389
319,4.210592233075457,1.2922510990780829,18.856586268591094
320,1.4175052420053493,1.4418520688261411,10.03805233753044
321,5.7620178889361,2.7173603885311457,31.736534948590776
322,5.2575210199753615,3.9763869992428393,34.45158176810066
323,-1.917297469932925,3.2838556991324195,10.054460338461089
324,-0.4330638442816912,2.7086210029072353,11.053130911262448
325,0.06098181079371057,1.5715476968162116,8.46765654576735
326,4.217317854614456,2.6811020089689466,25.39110801083186
327,3.722762505263793,1.1397072988897023,16.856418201921848
328,1.916950746971728,4.563188762467882,29.376551762133374
329,3.475742223327136,1.1343044262261825,16.239913165318807
330,1.880561389983311,-0.922347446999193,1.7273396099647549
331,3.313146375783133,-0.20269178076722127,8.35389165351516
332,5.7786097494467175,0.014737069526487456,16.88579052583255
333,2.665857230755776,1.56272849433385,14.761628679325549
334,5.36680109840307,2.8867052341755266,29.109238002918065
335,0.9932450504155916,0.6613763321919521,6.196906250793739
336,6.061735045496287,-0.35906219769291114,15.781423177068062
337,-3.8066506485716367,0.8638956743190209,-7.531961303743812
338,-0.9329669581141848,3.08771619022407,13.04301759072876
339,1.0776949127671716,1.209265245152667,9.54418456414126
340,1.0427263624725267,2.3918274817920837,15.480218140205162
341,4.745431420933407,3.4277839263142202,29.929009830156595
342,5.062172853398952,-0.4038024119242851,12.782986280380765
343,-1.712514592033239,0.05058069605371451,-4.1593257071177945
344,3.2352259641098087,-1.2352839447277897,1.8366715500174036
345,-3.029477238376386,6.763506566741769,26.312684631529184
346,6.313231557889051,1.2578063956465626,24.92015923813063
347,0.16727343328957223,2.20033061428451,10.875938417255838
348,4.787324826154741,3.818531679485072,32.84274054049836
349,2.016587921771925,1.284732449523548,12.308305596832467
350,1.3371439750659335,6.680262778430085,38.68326478171299
351,-1.1326254586268885,4.013646888721198,18.31711143607341
352,0.6656639695237726,2.9555699043376853,16.765653627925083
353,1.6053982605718953,1.8503536060146377,13.656505503022757
354,5.461558999249872,4.149866968406605,35.3325407820782
355,-1.2934570728145172,3.0115673576513693,11.350588702689999
356,0.9554198417519983,1.2744624663190365,8.90895550914065
357,-1.7474153518781934,1.825030873580094,5.394544127556427
358,8.35630190493174,2.9649371392801642,39.72133497368831
359,2.393621173021323,-0.06336401314146434,8.08026123747268
360,-2.8182018417485795,4.361350691195328,14.570936408106876
361,-3.430686315453574,-0.7791760457709036,-13.573576559779053
362,5.623462492636533,-0.7924202951686548,13.028540476504405
363,4.743227487314584,1.936430153645318,23.469993039505663
364,0.5618700535874934,2.6832942331792946,15.038631010689393
365,-1.7531405991350955,2.2892178150772735,7.989456458579236
366,0.04816841679711659,1.8208382582515346,9.67689805913852
367,1.394465339845243,1.5879212732584072,13.745666330950582
368,0.3948209429460914,3.601861138977487,20.669883234748024
369,2.9565500173869808,6.919479507981077,43.30115391460918
370,-2.8851901734453067,-0.0822452624447556,-8.767368508602752
371,1.1962662306192584,1.7553718685742679,11.574381949240433
372,0.7747828040688818,4.353957083232595,24.76279852580051
373,2.01420673281015,3.6865028050083315,27.426675397674764
374,7.215791417342352,1.7686982173062655,30.689964840218483
375,3.8747447323687507,1.095275512862412,16.555161961767965
376,-2.4680522860454164,1.0480715005985144,-2.1544404115885754
377,3.6733098248956155,1.197981335625554,18.22658747766107
378,-1.0541499301245754,0.4683599400085954,-0.6494658524940877
379,0.27092118479533467,0.9040116285895845,6.295525256247098
380,7.199265350867213,1.9085493690640598,31.400726695895397
381,-3.2919554557561703,4.123826971703908,10.703641945335926
382,2.6048434403296916,2.8650522687372026,22.54866375755039
383,6.177823818357317,1.509501576668109,26.433006134466222
384,3.0859778085925695,4.640941266023692,30.50037663560498
385,3.7702439208938285,1.1517815172328985,18.91898673821775
386,1.7366885586077294,1.4145615738728703,12.4266457230058
387,-2.842376470662907,1.695275297573403,-0.1652967070733512
388,1.01203016611326,3.9449568602111618,22.046618912775113
389,2.192928080638767,3.5331005646392413,25.954033842211352
390,-1.2144594084733593,0.7557900557704054,0.7879303456108868
391,0.2112397295881978,-0.2820264285513896,-1.09596247369626
392,1.9204639863055366,1.0921283619790103,11.421591784124447
393,0.15902800017609997,-0.0019203864793673198,1.521626582383422
394,-0.5180318633589314,5.198577597984917,23.59480660899304
395,-0.06990707317117018,3.1239510871808758,15.384938016575399
396,-0.9217172594273864,-2.605369876440034,-16.02982086825364
397,0.41825358371110055,-1.5166865128710643,-4.546300991518785
398,1.310296916533182,3.956698567440136,25.511991037421776
399,2.9642478586240584,1.7491706323440446,17.32761428812943
400,2.9770010937306317,2.97240359418669,22.506564162151886
401,-1.920348373104268,1.8556286692799446,4.141299564879799
402,3.612541489266113,1.2252936562123518,16.618238850303996
403,2.996888914411341,0.2417604144259493,10.449663169736812
404,-3.0563504729448514,-1.5261422302052177,-14.808259956462557
405,-2.479454856237452,2.271174642925211,4.020594793792718
406,-1.2465007107082262,0.9122221521988785,0.579658122547998
407,3.158670741952972,3.3176637230768087,25.679396374457873
408,2.1406138838528963,2.998268712149607,21.287916915135614
409,2.485473079012911,-0.8571146917899033,3.384715581959423
410,1.2779171037019457,3.9506865070282142,22.59945666142913
411,1.0085047234211157,5.372172415548001,32.27239829412814
412,0.18688001436217794,5.409724714457083,27.42974707355491
413,3.141435411181246,3.3123439109691915,25.239271613895927
414,3.8385467135967706,1.6432956690638432,19.142867718927505
415,-4.719977429008188,1.433707533660169,-7.8860246841952595
416,0.6810217192124346,4.082846873377152,22.467710720098506
417,0.9039442783398393,1.9429051938902042,11.362680492950606
418,1.101396339699325,1.900928851117429,12.589145245500694
419,0.11573658505536377,5.565829335847259,28.433427778523424
420,4.004408573770595,2.068208851546832,21.839487306274115
421,4.333610580897334,2.460748324209216,25.55071868733702
422,0.050717960289473285,8.11637402642878,39.388983832994846
423,-0.16831208731451963,4.003137861805124,18.43612037317958
424,0.9702772649203271,2.978294904109175,17.58393370285229
425,-1.4102279832277755,5.743947071918599,24.24132724576091
426,1.046667044596457,6.805560638863409,37.37092348386804
427,-2.1089503609600673,0.7434116777545245,-5.697630269731281
428,-0.2674931136529253,-0.7883144554157107,-4.32700910631213
429,2.4272893542761937,2.9301395378717574,20.463890754317532
430,1.7562900470684737,0.7475797882364703,10.018302756272456
431,-0.16554174216966033,-0.18442683931989734,-2.142750340688256
432,1.6905907897228372,2.8499030389673403,19.551036699317073
433,2.663623168404442,-1.0219975023039631,3.830971113864434
434,0.7280215467644369,7.157818928960283,37.34557944911203
435,0.7336380731393715,3.3885110874821613,17.803435437564858
436,1.0120778477634642,1.4705172286764443,10.176484542220535
437,3.0560750472346045,1.6428050966190462,17.714924692184297
438,2.1278036722474427,0.13363647919496002,6.781421935918601
439,2.5028385327055656,-0.02752436191806762,7.126191472159408
440,-3.1597120687521096,5.07516872242786,17.29177835536021
441,1.5946503472957567,0.13972491718833102,6.800896377587867
442,-3.7873010093299113,-2.395132953392256,-23.66008190601916
443,1.7449761063423979,1.1079118026302908,11.549899318306707
444,0.9064859506118164,0.5431163322714694,4.719749332091207
445,-0.03191863362395697,2.8811691387791813,14.882290546213875
446,2.8299133776775727,0.6948761569747075,11.80693130680501
447,0.19374051699986672,2.935497815484621,14.892590085329894
448,2.833428640297771,0.29978096241693497,11.370879228543174
449,2.6449958171992494,-0.7522473397082199,4.161213592261157
450,-3.2503068285364307,-0.9832604413712338,-14.2455150310083
451,1.3797271084968545,0.7939005886143962,8.07245135258825
452,0.9134465917304528,5.372828720156132,29.089285956093367
453,0.061144013134179165,2.7265601217449764,13.331008180394852
454,1.387330163091292,3.3414094192508967,22.23825886073902
455,-0.035399541414925295,-5.59735329085425,-28.59378344407312
456,-0.7857913782216872,5.213562365331865,22.94652358151241
457,0.9151371039688597,-0.470864132056672,-0.27093296370074593
458,2.5834493908396086,1.9496548257961999,16.637670771093358
459,2.046918704426658,0.13416737050384753,7.309205171473921
460,2.9166354983948395,1.4861740948020936,16.483547687561483
461,2.597413176125578,3.882221206603698,29.621541925849787
462,4.277882268589646,2.1199121781758112,22.578709389096502
463,4.53052500538425,3.1293305764959003,29.789221536920007
464,5.189453278094966,-1.318734431362063,9.057235728170197
465,-3.238658495884926,-0.9130904330163157,-13.36840355206165
466,2.7329151089995842,0.876517231626281,12.734108334432909
467,3.8400884970094307,3.5054326686313733,26.1670582269312
468,-1.6921825663110397,1.2301689811694216,1.2119566192363558
469,3.968250394634611,0.39650640527618686,13.99339866385821
470,-3.273636595844346,-0.36576341749842767,-10.862997272601389
471,1.9615440619538207,2.8233420735233934,21.538254076429517
472,1.4201632955050085,3.4130748756939404,20.052614449326892
473,1.4127686623398472,-0.6864119316149209,0.899215410440041
474,8.914467670262473,-0.7523651023467006,22.636341902370688
475,2.6269267751317362,2.6112950925989264,20.748111406642334
476,3.078718433549635,3.6371842065421207,29.64246864763652
477,7.053932316447216,1.7050757738537996,29.482762672462385
478,2.567894033955523,4.858378377325851,32.27482530924525
479,1.2534992889098868,1.1324712988234087,10.969482200334006
480,2.919758693021861,0.04924069262198705,9.150460885890249
481,1.7464899611816098,3.342195088014229,21.766855657962587
482,5.648485734100899,1.0349472572155927,22.43153872392392
483,4.670451994258347,0.07790938583679119,14.343685090132755
484,-3.9899604411428857,2.9931834528584518,1.3321133499971627
485,1.427906666330127,0.842573919381908,9.338862537082697
486,-2.1413256525148774,3.1824245866470333,10.185969564362908
487,1.1268073034422956,3.027685275359391,19.003531511514385
488,-0.3899559581120373,2.2196762827694165,9.864108767142229
489,2.3576950946066075,2.1498915890808963,18.794856214976758
490,-0.41601262792055405,2.5936811920563065,10.380972100739413
491,2.9849437039916453,0.19558951180079642,11.611807224085988
492,2.8145994483921983,-1.7935052218544891,-0.6298646459721166
493,-4.238162732951044,-2.736393633136064,-27.308984110299882
494,-1.2790197948937276,1.4976007946555527,2.5049923570600265
495,1.0136547848855215,1.4677822222794352,10.8556918978908
496,0.7216375751224774,1.3296261759621104,9.594496722573066
497,6.205142788612081,1.433795876325361,26.090736987127578
498,-3.8678743724960176,1.7251147307792813,-3.144978701370369
499,-2.3594840889951376,0.05375947603582265,-7.867727201855146
500,-1.7000283038373318,1.5168536058615407,3.667417240962258
501,1.031808102932696,3.24281367715944,19.590963945506093
502,-4.230968101236025,3.338402959475035,4.611137344921683
503,-0.041755801985347896,1.4005378349897455,4.6988923184619225
504,3.315836721251025,0.6291396597834047,12.53865922457945
505,-1.6007036455871169,-0.9296910011315953,-10.333319920098623
506,4.072434390046199,4.902933394524618,37.51110486104009
507,-0.07603886158441231,5.918898855099576,30.3188268676481
508,-0.6627901200917379,4.859813908816694,22.92963660341421
509,-4.63599871633379,4.262043043969871,7.44553948267983
510,1.1611051781258446,5.624977795430359,33.27069477239953
511,6.41353410953221,1.7230375119018189,26.777389745431503
512,1.8800993578110985,0.8731701902411122,10.899547311713693
513,3.5969314473919334,1.2742539743471712,18.750539611049756
514,5.96598692301259,6.08009732529924,48.73666206199736
515,0.951709069861725,2.227948068729935,14.64510168651937
516,4.4967986796513975,4.277793569811025,34.46522246805753
517,2.36278296020728,4.777038605256963,31.065316483274856
518,-3.3067592346998422,1.7652341388562034,-1.633027708942779
519,-1.5122633071343334,0.3405506283209556,-3.1914123738821845
520,1.8359229807501545,-1.1425126737232913,-1.6627447011915764
521,8.081802717076897,1.8518513913744792,34.762248879278985
522,4.966957767997583,1.3165592867782863,21.74928833782228
523,-2.903580617128354,5.062173098480959,19.030208984929853
524,4.092825366529998,4.051946911865359,33.357131772635164
525,0.1768362410901887,0.8436392132761257,4.253659833393767
526,1.5886442962380403,6.051329759055156,36.3750210069336
527,-1.48405986378424,1.800782294939919,5.684455473817488
528,0.03360951475499263,1.7890602421445707,10.915804892438263
529,0.4333900330288165,0.2750596590932213,3.5978465967234117
530,3.2581048116313527,1.3242806205460416,15.491566750074915
531,0.001783243507753829,0.6395498629250183,0.3579139652281538
532,-1.9648646806514236,2.8489083339755066,7.51284640480759
533,1.664473109708624,2.689115134234613,20.23663645564733
534,2.264316301667141,-0.412770887872711,3.636745357773659
535,-2.63799245620547,3.6089488360036803,8.53191066684864
536,2.586088136016064,4.6512721907261145,30.93223524731582
537,-2.267495128640279,2.5918335007063003,7.527539228939357
538,-4.53184634069099,2.5805532629697785,-0.5070135935696546
539,1.4027522402588462,6.252661019020328,34.647218170806276
540,3.504200427138491,0.009292421643306126,10.80183080373208
541,0.7640413785846988,3.732798076761507,22.052022051679874
542,-2.173179719837351,1.886445479293746,3.025085879468651
543,-3.1193540223240763,2.514217935657143,2.816517527718919
544,-0.9863699713714515,2.023334609148981,7.470269123126175
545,3.167206245637454,0.3747746205316693,10.453935945093589
546,4.7096346440525005,6.8775884464873895,47.649130091768455
547,-1.1194010396373058,2.2506393868001533,7.747830939280744
548,2.78402032950968,2.084263798152436,18.379736720599183
549,1.471577701794755,2.3456379909189855,15.42075230453408
550,0.8811356214984701,6.100432266239432,33.26638121203868
551,-0.7092698800377533,2.073831967126092,8.3464414516815
552,4.462768625885506,2.965809478928954,28.26185385166488
553,1.5760117624352525,3.1213120912585515,21.025850421788796
554,0.9756294088986021,3.13303792787774,19.95940612630406
555,-2.728023940064942,1.101189074946878,-3.5620158839860196
556,1.7660023828692941,3.664444636790357,23.065823757345953
557,2.9179530078279106,1.7588434562151198,17.682984170224756
558,1.8130433484584296,3.5568872096313293,24.043305352752764
559,0.13324643317438412,-0.48030623600437217,-1.2808944999010987
560,2.2033773410253796,2.877184038531148,21.34697411202848
561,2.7959043318525874,4.078848502566826,29.13221428550107
562,3.3598330881544762,2.8181540529998026,26.448434578588227
563,0.8606609539811125,2.290403587436366,12.94981723843525
564,1.1998831845490634,3.661703420103998,20.50610408524709
565,6.257581215850435,-0.709181233214049,13.26215413280801
566,1.709575617184452,2.5019836913965983,17.304637638478294
567,-1.8096985710957028,-1.5841220344317675,-12.70068194163132
568,1.5970337675647877,1.2006395229281903,11.170039698611028
569,5.748540201102054,1.2867819890216223,21.126000881487265
570,3.744288918999665,0.8449583019609415,15.799627698487207
571,-5.707350982818419,2.7820860650364,-4.528483925830246
572,-3.41921872585176,2.948214706566885,4.823352695303866
573,-1.1865312487241098,1.8066482106601298,3.770894947896518
574,3.1271586350569516,-1.110719679325015,4.276429768608136
575,4.789565528671068,1.7731428953331099,22.99515031694727
576,-2.6474395029689335,1.7535911777217958,1.4968096288705963
577,-0.8367561894327853,0.94176782799457,1.7198686824904952
578,1.990439892126539,2.6228247634525386,18.551110608859606
579,-1.4273799307464676,-0.8784273143440537,-8.75676052930914
580,2.2071221997902333,5.129143493748614,32.58787751699466
581,2.3016125239654155,-1.4032686110729213,-0.4796254455392645
582,-0.8166783325849916,1.5702536877283457,5.146142805980174
583,6.098716708477548,-1.912888720631957,9.748184094754754
584,0.8276077725788565,2.3738231059156414,15.524211556004815
585,4.60030228223315,1.784492571090106,23.20318532346927
586,-0.7618336458572328,-0.42686204563908614,-4.881244578231194
587,-1.1120441784272121,3.1973645931211054,12.15338357249075
588,5.636857035673807,1.2407182206102885,23.68906537188057
589,2.7093695237002047,0.05609266686155734,8.232249798537039
590,5.4270770808045645,2.592315172442362,30.474681023400482
591,5.6117886248974855,1.259275805008223,22.909036243586872
592,1.5989874828834219,3.8741758530021446,23.649975432808397
593,-1.029651384283183,3.9689663105049307,15.688486909909166
594,1.909708493126556,4.941578102257629,30.158603345934235
595,4.288600621482637,1.1728340849606653,18.792087905791135
596,-1.5482772525355633,1.9397983729665194,5.256342381628739
597,0.82157397790003,-0.032375318456663305,2.0557274620561454
598,0.7855011313138773,0.6292740302988833,5.784858697907814
599,4.796798794622363,0.5740333601600445,17.359499879812528
600,2.524216064343189,4.207431771293235,29.06746335651011
601,-0.2909114802374664,0.7570705466944976,3.302976917949347
602,0.4516556005832195,-0.2105123779176492,0.17462189345215015
603,-1.9403401954458275,4.02601550726215,15.16585572622674
604,2.4295977740124215,5.766117984873157,36.52834290781335
605,1.088326739269922,2.725680852657611,16.130146271288183
606,-1.6575346073864035,0.5128162453871874,-3.4171890872439485
607,2.49336234156042,3.2700508932222254,25.408502585328407
608,-2.6734585292840993,1.7706464120849825,1.0262355406828183
609,0.3727395184385629,1.5343862640892767,7.955522273559214
610,0.9844987448529768,1.467161823367996,10.797497166084996
611,-2.1654814575288395,1.0625225527173061,-1.2305147051257426
612,-0.1548466795596415,0.0979082024894733,1.5230173443434472
613,5.8437777241040845,1.8310484402838942,25.81051078371851
614,3.1034367168312804,0.7483243795750374,13.139089139239045
615,7.31463471499909,3.4206785393122434,39.84017732917908
616,0.06618981409843538,-1.6751919687758847,-8.472786808304036
617,3.777225564922463,1.6131612575983472,20.780997752828082
618,-2.1857360880583387,2.4271706870374032,3.9544482532072482
619,1.8495960029960459,3.1764090790271102,22.01440128885098
620,-1.6548831014794376,3.828899438428161,14.23292085091118
621,5.588037879023309,2.618842183665227,25.9615535438017
622,3.706441726188019,2.077698956537022,21.757372324077778
623,3.4965242772157357,1.6403198732413422,18.699634419355164
624,2.4108073579600933,-0.16907475241937364,6.271973563940185
625,0.14953233909716146,0.037572798493627824,0.9696994753829242
626,-1.259065015365687,3.0829403182857766,11.276439042120174
627,3.875625872020556,3.9303467353818426,31.35032485867364
628,3.0957588131686284,1.9149941471191272,17.414991806908077
629,2.876813281319258,-1.0858909056188608,3.209603928310086
630,3.3118781175774297,3.9076906923938637,27.814575178447054
631,5.05978144389093,0.6477826102756914,19.030887353686534
632,-4.728223436136618,4.479896176737786,7.2840988820548915
633,-4.753232438564641,3.1998538221143145,0.8484501566888621
634,3.4187337594065115,-0.12223061529712842,7.578043617774485
635,0.20182177671663393,-2.2923135338888905,-11.913944249194733
636,-0.21729968000143174,2.6928351549345124,14.92347941671757
637,0.36709721730100786,0.49860767869688893,2.620985055231466
638,2.5471031699235698,0.6846208541928782,11.581645688457613
639,1.525625259228832,1.3132538611399132,10.396155065093277
640,-1.0190984831494991,6.999642879628155,31.854687163851416
641,0.7883167700006893,2.7498977124836754,17.439899326360212
642,1.8406790187720397,1.081621825833059,10.921416462656136
643,2.9582743297321494,2.213255184229419,20.294433308253215
644,4.000622584653204,3.336289467769701,28.12347984546792
645,-0.7687980528247902,1.5311752341256062,5.90397039476178
646,5.4516278616171014,6.409005330534242,47.4377468039603
647,0.9335027200723369,-1.5292338025432732,-4.954991165037443
648,-2.3380761902861114,2.779464303302079,6.827678396950959
649,3.0891696008937197,3.873687108040173,29.89661097281016
650,6.053799649971259,1.9875414931295605,28.260014659816438
651,2.6272947885764513,3.937677405302935,27.361756926203068
652,0.9559187631522519,0.06879763465833744,3.8836164969439047
653,0.788688288876982,1.957439775834298,12.581155951406195
654,-3.7087203424514126,-3.6883951992462416,-30.948646262535522
655,4.534311764495107,1.5787289768687276,21.78276424759776
656,-1.5853010401260228,1.2259270803208013,2.8308908048660144
657,-0.5739415371621643,1.7795210713086904,7.617428554355889
658,0.700569211880393,-3.8215235272785026,-17.83970768013728
659,2.23269064144299,4.0618361841734645,27.276003744674462
660,0.42591100485959243,1.8622853879252819,10.84630483720263
661,5.705637365584244,2.624212904969256,32.31472116759982
662,2.148402722369769,-1.9235336393748144,-2.1784863247324333
663,1.4284348822379676,1.04016815443538,10.366893815188307
664,1.2470706432573473,2.3518359032521516,16.742987454297662
665,0.8407054805858025,1.6263771610778737,10.879569390380693
666,-0.38289548825912556,-0.19238141448251245,-2.959346691971743
667,6.381931815772981,1.81404398035201,26.96394056458551
668,0.19372384463824188,2.6069474752819475,13.070855735109133
669,-2.800907980983861,3.0965934658583967,7.887665947769429
670,1.67413518280127,2.170232551998666,16.469667777734738
671,3.8864787737338427,-0.2545170053075272,8.444247239095452
672,5.730705055840374,-0.90168725756577,12.613848511125093
673,0.07803995314469603,-1.9406284443285653,-9.881358473946108
674,-0.9260715107094759,2.225262962559019,7.440982684625613
675,-3.6804966139980095,0.2452840626019479,-8.626393342275819
676,2.360985339946162,0.8776700819724697,11.184018792006393
677,-0.9567579497158869,3.262726350777835,12.31167762934676
678,1.7858207022476664,-0.34178719371409727,3.8607676276379053
679,1.2245172337617745,1.1722067531273048,8.460747418963086
680,-2.9817550653789837,2.621685871433038,5.803886261073842
681,-2.720448533956312,2.6378305176606363,4.363760749899065
682,-0.4610208456237037,1.381863532913581,5.6197518251256176
683,4.1229253536317145,0.4083669451829177,14.568640431550017
684,-0.08977169885456626,1.607934895775658,9.26146540238376
685,-3.3674112876971414,2.572678154527189,1.5264445121234818
686,4.783470956102006,-1.1709846176727292,8.048403414362928
687,8.829948058151018,1.2484334906772183,33.27823871576362
688,-3.7863003735356413,-1.7520582917800152,-20.39400555605104
689,4.281254834383226,2.3126164124231092,26.14927615989109
690,6.565436687594515,3.2129934269973894,34.49634988754525
691,0.9817996386422088,2.455163089895348,15.689664925066056
692,-2.2863425882187207,0.5292105873715558,-3.74177519097275
693,0.759275315873495,3.049364334567085,17.244304475089766
694,-1.4672264463375422,1.5991502979993346,2.784684024344064
695,1.693430360274926,-0.971911853234174,0.3504600942175875
696,2.815034162432569,2.278983544701423,18.98648776771763
697,3.1146442399327743,0.011415642792696135,9.373629812840864
698,0.6475276826743361,2.553279473619159,14.413355033202283
699,1.1637975135456313,1.7774679410311307,11.169791970567497
700,4.84782402491087,2.7248733677370667,27.760358715205815
701,3.661392633224799,4.147496239360382,33.51709535886144
702,2.760138326964136,2.595415170450943,19.866587822627455
703,5.486838998891644,2.4123312117439943,29.833447542254707
704,-3.0657504944081317,5.338382962244944,16.426099407223894
705,5.779279907762959,2.9410320388311235,32.154075490143285
706,2.3041862342435033,1.7802703762332577,14.16349809596867
707,-0.34099689597093397,2.1986044641022175,9.774346980797212
708,2.082244636068151,3.8262675959655796,25.445297354567465
709,-2.2192174543742356,0.5169632547427538,-2.6017151723532432
710,3.921749843960002,4.213067312255907,32.8803109033411
711,3.5255086103288695,0.7982359464927546,15.607701507939439
712,-0.3347458144795201,1.17434314284384,4.201737589470985
713,1.0134851209385827,2.6078454344643096,15.019341250728761
714,2.1408509407158123,2.0020106275368263,16.685833555498878
715,1.2978088649993387,1.0867839414909217,9.997540258684653
716,3.8259674294474193,2.256215061943296,21.771407244468968
717,-1.0396523521961334,2.810024595198365,11.096339017076282
718,4.40671183805281,3.038688365523533,27.49900499123787
719,3.427246275298424,3.4301065486049485,26.285320754580866
720,4.65039323217546,0.5795345107703569,19.219002790516065
721,1.5364097724857118,-0.5162348578295584,2.0757833792467557
722,1.0148826802200048,-0.5127361687447114,0.7687842236800644
723,-0.4812101653446714,3.7889768786547897,16.177804560908687
724,1.8865198238412204,3.089026537443347,21.893880506560667
725,0.3001562396648878,1.6396106230363252,8.668845111362302
726,-1.2948716540968883,0.5304900504490535,-3.5522468823184195
727,0.652006570780033,-1.6320722862874315,-4.91520361792593
728,4.892247998245128,2.4466628674400024,27.16357517869786
729,3.999260919108798,2.1406550536402027,22.432862800217368
730,9.675987761634007,-2.0237460518023616,19.0009352442027
731,2.9586361769748524,1.3152018241167984,16.360600894579065
732,1.1604306266134978,1.1490795696524612,7.322258641927643
733,6.264835895571623,1.3181986694576757,26.530414015820625
734,1.542682561907269,2.665118857381415,16.83512934267255
735,0.40901920199531083,3.282764623137215,18.665445858475913
736,-0.45714369737089866,1.7739683328576665,6.260841234567227
737,3.1038860911954638,1.7899842040359302,18.31145214276709
738,0.010064129167529634,2.374697647164906,10.739522273015487
739,3.460731212656646,3.8029240290668254,28.661183093882826
740,3.4183242328109857,0.8228304758278384,14.654172834294656
741,1.2528746869158827,3.4906277280114932,20.5029664122304
742,-0.8699397482746938,2.3799956776351583,7.314552244467825
743,3.0938693250333955,-0.23337080067576643,8.620290846057788
744,2.821609190301384,2.340252055031361,20.913310363606097
745,-0.00599677088120254,2.234168009224331,12.202399944664878
746,-1.9549888011237098,4.167164916343648,14.67760982578411
747,-0.1231490464566023,6.06562340369939,29.35395852093432
748,-0.2984437717767967,2.5253498389617373,11.75034285436083
749,6.469470451583697,2.4100844710807223,31.45502093729198
750,0.854926183811014,4.964142537998038,26.699920349424445
751,-4.94862499821705,3.3471593841451788,2.5369699168641837
752,-2.5774762278154495,-0.46600378724623326,-10.309764333349262
753,-4.549988777000119,1.6197271048742756,-3.869579867052578
754,3.3472780545107694,2.619306694115023,21.404723887992535
755,-1.54000838029082,5.883177859014252,25.60469680957557
756,0.8721162294090525,3.600595762991678,20.941020857345283
757,-4.580878362941521,1.833704372280497,-3.6895241907588394
758,-1.3351269326801836,-1.8116002947627692,-12.75225571779055
759,-1.953961904170535,2.8653663733687096,8.935721149299672
760,-0.8223439029878923,4.203651640577506,18.642566396092267
761,2.550458222013313,-0.027383575626001466,8.241791514137013
762,-3.9068692812593317,1.8765635543232242,-2.7994102227809994
763,1.1776598198383352,5.35793632506426,29.937539480045547
764,3.911099094449881,1.7974621436845406,20.412201897924458
765,3.208312138841709,-0.816774672472131,5.568686970546688
766,2.1856441887072684,-0.47419663235933074,5.19275515991855
767,-7.579793873082824,2.419001316881772,-9.915394667223602
768,7.838294955148496,3.0551916062892346,38.962193088478905
769,-1.3623162810218394,5.34747367624477,21.354998660620318
770,1.7606680780286643,3.894934921660944,24.954575549112704
771,3.017085387054582,3.2084325357117454,25.20392538451864
772,0.08809855315258963,2.6443097361097623,14.253902517982027
773,-1.2318034029557001,-0.8021469186342256,-7.91706463489482
774,5.75412963974356,2.0386399393141033,28.34674432617058
775,0.8192291618902903,2.8024041237916975,16.205497359020097
776,0.21069471725171052,4.400234929270869,22.57141651179503
777,1.8098288147006034,6.625945996279501,37.787386992857556
778,-5.00454759912598,2.3700576564650757,-3.404222918729193
779,1.6205147519994783,-1.7786562803456465,-3.0110829275682143
780,-1.0177391612681976,2.2476063347607464,9.4511111794953
781,0.2066205758294275,-0.009666527394065483,1.7493540989402263
782,6.526767189595786,1.7000090112854727,28.83453843545266
783,-2.1330990241251273,3.5289529230899737,11.988120027317178
784,0.5887093727631635,1.5983317075911572,10.728623043934004
785,1.3878806897880207,1.5574646474817642,11.27851619967252
786,-0.5183831225833826,5.993656189314863,29.39580875648987
787,-7.97952885047879,2.721959831120034,-10.912910325974973
788,-1.1457224479627146,-0.9077981340942909,-6.94879878572859
789,0.7345968912457335,1.7480034492742529,10.496949788800647
790,3.771800296288047,3.2100846059002484,27.718709689965245
791,-1.8974156728873561,4.713700883718962,17.46618047402007
792,3.1576644619543717,5.670504270950348,37.19202971937526
793,0.290955470130672,3.0243610966250905,14.333379735106785
794,5.705964431443157,0.7440540296668405,21.783771608561445
795,1.498507366739918,0.27677560829491066,7.562946014497191
796,1.4042436810389973,3.7431365103343293,22.36414722326324
797,-2.174765032860697,-1.3464886131685687,-14.269991536900095
798,4.098091400909546,-1.841390059677932,4.013015879114296
799,-0.34320609646723055,-1.6108807135382133,-8.461419999328701
800,3.7837862608308397,2.086929255063844,23.841214194421212
801,-2.009922384958581,0.778536143349275,-1.784188743755256
802,0.8900794029196414,-0.8476044582509403,-2.302788533871009
803,4.885282380745431,2.4823787874051635,27.13343991076975
804,4.952661031927473,4.705937965895579,37.83809674209017
805,1.0293712986237686,0.8183581351610845,7.501270195865771
806,2.1982895393297337,0.8873081499126456,10.904044267399525
807,-5.534411196535019,2.318661802666231,-5.182323261821978
808,-1.7566663581284856,-4.0274615358375225,-25.43142622622849
809,0.9044015663083734,0.9792161763836582,8.913724761164726
810,5.021120275397648,-1.817863536306096,5.968249693888347
811,-3.4247751271533353,6.650178470830224,23.56006724696019
812,3.079345433087389,3.837738422234308,27.42704434927381
813,0.2788508967614445,1.3829940659190108,8.364360081573716
814,3.1759832854980363,0.8332985047555252,13.564404893910822
815,2.319243516586117,-0.21449269651549852,7.037129905156141
816,-0.3728572838539801,3.1468478061083607,15.396278956602686
817,-1.1595766396803056,1.343622701069815,2.0036407172112503
818,-1.2119000405059657,3.5825691520994534,12.530985074562128
819,5.7275221988032055,4.603095071787653,39.551787218116694
820,-0.9587286366013692,-0.15046813540958626,-3.0304465130294154
821,-0.864161182817712,3.2087744584954856,15.08610340559936
822,-1.5204647069822959,4.744321103702106,18.642298798019937
823,-0.49393238975042797,2.760783608539996,12.652389199774044
824,-5.9715498227223875,2.7987005407962684,-4.129053803962624
825,-2.959673504332447,5.004795831642163,16.979795330982377
826,0.9326219784883427,-0.04895231555842772,3.780128837606897
827,1.5333348055174358,1.9799581699068107,13.41508119023253
828,-1.8126844049597697,-0.8109461064983741,-9.65328036067137
829,1.11152619405018,-0.5248903372856328,-1.007739203724813
830,1.364811218660712,-0.10172446524331669,4.588122081330022
831,-1.754296708183313,0.6743816507115419,-2.6651340433666184
832,-1.4934174401025588,1.5157891444823037,2.3738101748987614
833,4.420371202548906,1.3554219640482303,20.07243648850419
834,3.7636360827924116,6.290267022771292,43.83660867309678
835,1.6708527604880954,2.166902659081301,15.488390054952836
836,3.2989420823621245,0.8780546822801432,13.961458978391914
837,2.2672701794072414,3.271386321810245,23.87952368666496
838,-2.791017453266382,3.6089091277083813,10.977323341707311
839,-3.6885677901589737,-3.3494310936792635,-27.765046004094934
840,-2.4134442028602514,3.1564496956862467,8.012966592773392
841,7.489522274061574,2.87442458913764,35.729859050840766
842,1.8319952742600738,3.0980741182963483,21.126765533340087
843,0.25166867458737674,-0.1790321605892342,-0.9215685768402566
844,-0.026482238792842505,3.516052245656742,18.301106245533017
845,3.1109134343329155,3.339171596627617,26.318913378612425
846,6.181722010969057,3.6750662175175455,36.355085207071426
847,4.933805532654235,2.3238851045232374,23.902065087525312
848,1.7762840664201003,3.2839036514632682,22.029952814524943
849,-3.3503710783576297,3.5539324371735344,7.043705928532898
850,4.2459811073798,2.332892171538696,23.374335255947475
851,-0.8375561841646593,3.9827130975750493,17.40524982022124
852,2.400444408779488,2.6099894926114224,21.394325076167128
853,-2.3615381572193765,2.0402474152033068,2.8191166147532702
854,-4.6312412043355815,1.8827605612093739,-6.100223564216509
855,2.0480244418586695,3.349706846268846,23.12769748716082
856,0.7923252629686822,1.337974023069315,8.811668199574564
857,-2.6838211218585655,-1.4047647782019608,-13.832367198486544
858,-0.4430220379061549,3.158886301245225,15.055331410393832
859,5.07899749263793,1.2536082652808513,22.18541911082586
860,0.4194168440495408,1.3391193764309262,7.489478670701643
861,-1.097701231167533,2.433586333984605,9.955254268781587
862,-0.8539176492443148,-2.401233540105567,-15.733174458332645
863,3.5068439815531147,2.384157030162474,23.712802817849635
864,5.4881132187948864,4.965456670935884,41.177907386097836
865,-2.7916441202881797,1.1680782660156597,-4.50147714766551
866,1.3172856062781975,0.8699058177861885,7.471128494801468
867,0.2798569381055307,3.2804598225877992,18.385701847093944
868,7.500049989219903,0.8578678464185934,26.93133513105634
869,6.4816752936298485,4.544909104232384,42.11858613273089
870,-3.8706935198437034,0.6678521453952764,-7.92257851098695
871,-1.537135580032074,0.315118301966389,-2.288001408554893
872,2.5825062608984766,0.050298233061143005,9.251891633581295
873,2.165619665225348,0.2561254757830964,9.825358442071108
874,-0.501839855059653,4.57357267988513,21.704163361994638
875,-0.20646269486635993,0.9691393308661185,2.9275557068450793
876,0.7167751445372965,0.20792963154868227,3.1362270592309227
877,2.0266106489568134,3.686761607856539,23.389995026993777
878,1.4955772263059413,1.9271941172155882,12.56922460943147
879,5.3118013242967645,-0.40238024901873626,13.4123526161321
880,5.627893486468196,5.514848969115061,45.941377550421464
881,2.6501709702832437,2.1982324839862426,16.933790768548114
882,2.588732016906132,0.6382302115651266,9.810824993585896
883,-1.9915165293096329,-0.7033729608228616,-8.675706958081498
884,2.2216063764736123,2.3036604738416737,19.609992265631554
885,5.129460323228451,0.1046074582248746,15.5158713796404
886,-2.4978893944272897,4.984944070303235,17.312738428136218
887,-2.3179217566113426,3.0038361833296916,8.031409240019654
888,0.658909837570584,-0.6688461330511792,-0.12972104505864368
889,0.8282570335543589,0.7054209189943497,7.657961729564448
890,-3.6717019810434577,1.8535577310179623,-1.646873749144846
891,3.951960663594942,4.055820963989294,34.17542096494529
892,-3.464308878544066,-0.47920056172548176,-12.35823648251786
893,-1.800511019629945,-0.16538091102036034,-5.196059855078205
894,0.32274003972282106,4.803508536663455,25.042215005271945
895,1.3930640492847148,0.47626390515293293,7.537715857973138
896,-1.960428684534004,0.8532826286102304,-1.8240800868135574
897,0.08763851953778912,4.198630785056996,22.22678740928639
898,-3.9279443700617183,3.2292049362335886,6.536399237778991
899,4.247589707532057,4.112746096801579,33.13482595060703
900,3.0777415016465346,1.0341840741675545,14.290512706292569
901,0.3554608691332407,0.0956944345471753,2.2908310541450287
902,-0.21842158923127064,-0.9792246441497179,-5.054578863905696
903,-3.431887489456588,2.4215164746560967,2.177158748357322
904,4.128526176082106,2.1591734286270197,24.267386867531116
905,1.1469291162931106,-1.0758313297034419,-1.2082893660335916
906,-1.8274137894581166,0.7005547126011258,-2.638772148620827
907,-1.6979461576785124,-1.6637262056478925,-13.010946964992415
908,-2.4526989948742575,2.327512851016135,5.450593959559651
909,2.9749002458136657,5.271434510532292,34.8693374565442
910,2.0314137906310323,2.2098808149957576,17.76853105617136
911,2.4386605151838316,-0.4821206875204691,5.005192761074974
912,2.92428742136444,4.284757526055676,30.756004858830014
913,-5.017938440292609,4.142207987706359,6.515233513660313
914,5.981077066573167,3.880020979843798,37.25997684340256
915,-2.1670044138676037,2.4239697539435703,4.9125493508517115
916,0.06796717881648617,2.3561897515462986,11.570305944751073
917,0.3621955737047037,1.8614908811212656,10.83487256012702
918,-0.518402554325659,2.0290662643964525,9.021088411674013
919,3.1619622506874983,4.242850678475307,32.31411677535439
920,0.4677585331151912,6.648291346930247,34.34933927114697
921,-0.11843108843970618,0.8454637723089613,4.1440294474148
922,-1.3965457662412506,6.805915989337222,30.389571957381676
923,1.9529303169064798,-1.6010739154338078,-0.8443347033275179
924,-1.6390849299341022,0.09832763354977758,-4.1285936774557195
925,-1.9598990828176608,2.986343996537117,8.254550402949707
926,-5.040842019734619,4.3972368337941825,6.42252564435432
927,-6.537768349713725,0.9238724498318343,-15.44684414149188
928,1.6814628250256125,1.3979186076879244,12.568376113691405
929,3.3648701062004145,3.742995684328677,28.48810902646088
930,-5.240867672583333,2.718254508132183,-1.8833954897789593
931,-0.11648361066573898,1.9343080867282378,9.37549583990045
932,-1.3303837994753733,-0.8866934940634175,-9.536225288863207
933,1.3432473755619392,5.657379010142447,34.6581171693023
934,1.6645244446146195,4.79046439942745,28.4618335607957
935,-1.207788433746365,2.8077153547992313,9.618924553086812
936,4.742000561126674,3.7330600926245467,31.72137319447999
937,1.5442336796224478,-0.2890651786380518,3.2002632027658993
938,-1.5820417979766623,0.09120035939218596,-4.549745444280736
939,-1.2793162101566393,2.6675459353397466,9.804319053721622
940,-1.6734393007229653,0.9585716451492745,-0.8682095832525455
941,-2.4051847186310225,1.295182641321339,-1.624662982377439
942,4.548729933149339,2.76849512735592,27.539487194703856
943,-2.682136446495074,2.9748771356570534,5.475389290666781
944,0.37340058509348695,-0.5202719769127833,-1.368281161859942
945,-0.6749371968018059,-1.6259711693101724,-10.451728643597098
946,-1.240576289605916,3.318391817676788,12.559130965904966
947,-4.170306288675598,0.9199701543646799,-6.6407829204395785
948,4.629672673716904,0.428027225652746,18.533748866065284
949,2.73854035543515,3.0807535191914797,23.215775628121094
950,-0.7886153731490233,4.388992213657227,19.242999226270896
951,-1.0482404194829145,0.4153056559308763,-1.6537847360572977
952,0.3027268713780934,-0.536645480420372,-1.5397470691951918
953,3.8011572367714175,6.081046008960782,40.495870203409815
954,-1.0756803178020222,0.573509470893218,1.7239461013047896
955,-0.2101123155793867,0.03973349715220231,0.13972822558514575
956,-2.0870092161603777,2.15654348162115,4.756897496280748
957,-2.1976895855942185,3.6840152438582727,8.117403815343593
958,-4.432083705459753,-0.1651587234444647,-12.818643576971846
959,-0.5259987501671419,-1.0390941923060648,-5.73323477651868
960,-0.9862793921206072,1.9520573937259331,5.1782883747212995
961,3.0035677776505603,2.871301522524039,23.854002314489524
962,-0.34598017629316535,2.8704447089327263,12.056935183157707
963,-3.543348875609313,1.076909531696209,-5.232551800370369
964,-0.28827464450014406,1.0515004666600207,3.7004068669840433
965,0.19427233290117973,1.3742004042848337,7.532576588151247
966,3.2200759161069223,1.5240645986464367,19.20666544329248
967,-0.9076489050498258,2.5086488408625387,10.490942794170211
968,-4.447038335489085,1.277002476686525,-7.622098613965908
969,7.067388075868397,0.04193070936880838,22.045023731342468
970,0.09273566427706192,2.5831505429045105,11.684586359431432
971,7.805772325676197,4.6271678959749405,47.05796454948246
972,1.983582655528176,2.5766520684725123,19.160125631881296
973,-1.2170881668334674,2.153347711714985,6.309075609189799
974,3.85321404739793,3.5675765640399657,29.510027738434406
975,5.428167544216803,2.6647639097256364,31.168438450955637
976,0.7583341076610084,-0.2044800343615809,2.369519218002192
977,-1.7841906796822,3.182390977056582,10.94595167463975
978,-0.8253386782915104,2.5166136218827733,10.204253045105864
979,-5.13987115669407,1.0206399743064187,-10.314358584084426
980,4.072995200131406,-0.4640928329528795,8.92053797631465
981,-3.0036899561852763,2.1379390717490363,1.083888566233924
982,7.554383331955642,4.152048119401111,44.11913810793191
983,2.28373882387631,4.128337658702737,28.0768455858536
984,2.575054847783411,3.270184484969239,22.42831789472288
985,0.18739207704375316,1.7809279875028352,10.60138038567866
986,-0.1541209870398681,1.3586178246767533,6.05082040278477
987,-2.673076888204537,0.644801113470157,-4.506967851727873
988,2.367132812585911,1.4374852280922732,12.893852249760517
989,-4.113764319596164,2.391689198593314,-0.20345129991322602
990,-5.0324321258129245,3.577114168265757,3.092863436040931
991,1.5685852102335622,1.3386720762298048,10.947334060195887
992,-7.063221317126832,2.6078933193995457,-8.49318840672273
993,2.121468311632813,1.1263752821534392,13.149970082565327
994,1.5987127392098675,2.028013308959213,13.909604366961531
995,2.5266588057546104,3.465072656846173,25.322958753876776
996,0.2610978761116822,0.860850613674323,3.473462332469479
997,4.7697989971830586,1.4889170997170411,21.515935749180958
998,4.445927295517345,2.9328649993004205,27.552889925193085
999,0.06730940389041096,1.9436112710814024,10.63001433877594
